


---------------------------------------------------------------------------------------------------------------------
-- Insert Script for  [Expense_Category]
---------------------------------------------------------------------------------------------------------------------
Truncate table [Expense_Category]
Go
INSERT INTO [dbo].[Expense_Category]([ExpenseCategory],[ExpenseSubCategory],[ExpenseName],[ChangeDateTime],[ChangeId]) VALUES(1,0,'BILLS',GETDATE(),'saurav.sah')
INSERT INTO [dbo].[Expense_Category]([ExpenseCategory],[ExpenseSubCategory],[ExpenseName],[ChangeDateTime],[ChangeId]) VALUES(1,1,'Telephone',GETDATE(),'saurav.sah')
INSERT INTO [dbo].[Expense_Category]([ExpenseCategory],[ExpenseSubCategory],[ExpenseName],[ChangeDateTime],[ChangeId]) VALUES(1,2,'Electricity',GETDATE(),'saurav.sah')
INSERT INTO [dbo].[Expense_Category]([ExpenseCategory],[ExpenseSubCategory],[ExpenseName],[ChangeDateTime],[ChangeId]) VALUES(1,3,'Gas',GETDATE(),'saurav.sah')
INSERT INTO [dbo].[Expense_Category]([ExpenseCategory],[ExpenseSubCategory],[ExpenseName],[ChangeDateTime],[ChangeId]) VALUES(1,4,'Internet',GETDATE(),'saurav.sah')
INSERT INTO [dbo].[Expense_Category]([ExpenseCategory],[ExpenseSubCategory],[ExpenseName],[ChangeDateTime],[ChangeId]) VALUES(1,5,'Rent',GETDATE(),'saurav.sah')
INSERT INTO [dbo].[Expense_Category]([ExpenseCategory],[ExpenseSubCategory],[ExpenseName],[ChangeDateTime],[ChangeId]) VALUES(1,6,'Cable TV',GETDATE(),'saurav.sah')
INSERT INTO [dbo].[Expense_Category]([ExpenseCategory],[ExpenseSubCategory],[ExpenseName],[ChangeDateTime],[ChangeId]) VALUES(1,7,'Water',GETDATE(),'saurav.sah')
INSERT INTO [dbo].[Expense_Category]([ExpenseCategory],[ExpenseSubCategory],[ExpenseName],[ChangeDateTime],[ChangeId]) VALUES(2,0,'FOOD',GETDATE(),'saurav.sah')
INSERT INTO [dbo].[Expense_Category]([ExpenseCategory],[ExpenseSubCategory],[ExpenseName],[ChangeDateTime],[ChangeId]) VALUES(2,1,'Groceries - Online',GETDATE(),'saurav.sah')
INSERT INTO [dbo].[Expense_Category]([ExpenseCategory],[ExpenseSubCategory],[ExpenseName],[ChangeDateTime],[ChangeId]) VALUES(2,2,'Groceries - Offline',GETDATE(),'saurav.sah')
INSERT INTO [dbo].[Expense_Category]([ExpenseCategory],[ExpenseSubCategory],[ExpenseName],[ChangeDateTime],[ChangeId]) VALUES(2,3,'Dining Out',GETDATE(),'saurav.sah')
INSERT INTO [dbo].[Expense_Category]([ExpenseCategory],[ExpenseSubCategory],[ExpenseName],[ChangeDateTime],[ChangeId]) VALUES(3,0,'LEISURE',GETDATE(),'saurav.sah')
INSERT INTO [dbo].[Expense_Category]([ExpenseCategory],[ExpenseSubCategory],[ExpenseName],[ChangeDateTime],[ChangeId]) VALUES(3,1,'Movies',GETDATE(),'saurav.sah')
INSERT INTO [dbo].[Expense_Category]([ExpenseCategory],[ExpenseSubCategory],[ExpenseName],[ChangeDateTime],[ChangeId]) VALUES(3,2,'App Rental',GETDATE(),'saurav.sah')
INSERT INTO [dbo].[Expense_Category]([ExpenseCategory],[ExpenseSubCategory],[ExpenseName],[ChangeDateTime],[ChangeId]) VALUES(3,3,'Magazines',GETDATE(),'saurav.sah')
INSERT INTO [dbo].[Expense_Category]([ExpenseCategory],[ExpenseSubCategory],[ExpenseName],[ChangeDateTime],[ChangeId]) VALUES(4,0,'TRANSPORTATION',GETDATE(),'saurav.sah')
INSERT INTO [dbo].[Expense_Category]([ExpenseCategory],[ExpenseSubCategory],[ExpenseName],[ChangeDateTime],[ChangeId]) VALUES(4,1,'Quick Ride',GETDATE(),'saurav.sah')
INSERT INTO [dbo].[Expense_Category]([ExpenseCategory],[ExpenseSubCategory],[ExpenseName],[ChangeDateTime],[ChangeId]) VALUES(4,2,'Bus',GETDATE(),'saurav.sah')
INSERT INTO [dbo].[Expense_Category]([ExpenseCategory],[ExpenseSubCategory],[ExpenseName],[ChangeDateTime],[ChangeId]) VALUES(4,3,'Cabs(OLA/UBER)',GETDATE(),'saurav.sah')
INSERT INTO [dbo].[Expense_Category]([ExpenseCategory],[ExpenseSubCategory],[ExpenseName],[ChangeDateTime],[ChangeId]) VALUES(4,4,'Flight',GETDATE(),'saurav.sah')
INSERT INTO [dbo].[Expense_Category]([ExpenseCategory],[ExpenseSubCategory],[ExpenseName],[ChangeDateTime],[ChangeId]) VALUES(4,5,'Train',GETDATE(),'saurav.sah')
INSERT INTO [dbo].[Expense_Category]([ExpenseCategory],[ExpenseSubCategory],[ExpenseName],[ChangeDateTime],[ChangeId]) VALUES(5,0,'EDUCATION',GETDATE(),'saurav.sah')
INSERT INTO [dbo].[Expense_Category]([ExpenseCategory],[ExpenseSubCategory],[ExpenseName],[ChangeDateTime],[ChangeId]) VALUES(5,1,'Books',GETDATE(),'saurav.sah')
INSERT INTO [dbo].[Expense_Category]([ExpenseCategory],[ExpenseSubCategory],[ExpenseName],[ChangeDateTime],[ChangeId]) VALUES(5,2,'Tution/Online Courses',GETDATE(),'saurav.sah')
INSERT INTO [dbo].[Expense_Category]([ExpenseCategory],[ExpenseSubCategory],[ExpenseName],[ChangeDateTime],[ChangeId]) VALUES(6,0,'HEALTH CARE',GETDATE(),'saurav.sah')
INSERT INTO [dbo].[Expense_Category]([ExpenseCategory],[ExpenseSubCategory],[ExpenseName],[ChangeDateTime],[ChangeId]) VALUES(6,1,'Doctor',GETDATE(),'saurav.sah')
INSERT INTO [dbo].[Expense_Category]([ExpenseCategory],[ExpenseSubCategory],[ExpenseName],[ChangeDateTime],[ChangeId]) VALUES(6,2,'Dental',GETDATE(),'saurav.sah')
INSERT INTO [dbo].[Expense_Category]([ExpenseCategory],[ExpenseSubCategory],[ExpenseName],[ChangeDateTime],[ChangeId]) VALUES(6,3,'Medicine',GETDATE(),'saurav.sah')
INSERT INTO [dbo].[Expense_Category]([ExpenseCategory],[ExpenseSubCategory],[ExpenseName],[ChangeDateTime],[ChangeId]) VALUES(6,4,'Insurance',GETDATE(),'saurav.sah')
INSERT INTO [dbo].[Expense_Category]([ExpenseCategory],[ExpenseSubCategory],[ExpenseName],[ChangeDateTime],[ChangeId]) VALUES(7,0,'VACATION',GETDATE(),'saurav.sah')
INSERT INTO [dbo].[Expense_Category]([ExpenseCategory],[ExpenseSubCategory],[ExpenseName],[ChangeDateTime],[ChangeId]) VALUES(7,1,'Flight',GETDATE(),'saurav.sah')
INSERT INTO [dbo].[Expense_Category]([ExpenseCategory],[ExpenseSubCategory],[ExpenseName],[ChangeDateTime],[ChangeId]) VALUES(7,2,'Cabs/Buses',GETDATE(),'saurav.sah')
INSERT INTO [dbo].[Expense_Category]([ExpenseCategory],[ExpenseSubCategory],[ExpenseName],[ChangeDateTime],[ChangeId]) VALUES(7,3,'Lodging',GETDATE(),'saurav.sah')
INSERT INTO [dbo].[Expense_Category]([ExpenseCategory],[ExpenseSubCategory],[ExpenseName],[ChangeDateTime],[ChangeId]) VALUES(7,4,'Fooding',GETDATE(),'saurav.sah')
INSERT INTO [dbo].[Expense_Category]([ExpenseCategory],[ExpenseSubCategory],[ExpenseName],[ChangeDateTime],[ChangeId]) VALUES(7,5,'Sightseeeing',GETDATE(),'saurav.sah')
INSERT INTO [dbo].[Expense_Category]([ExpenseCategory],[ExpenseSubCategory],[ExpenseName],[ChangeDateTime],[ChangeId]) VALUES(7,6,'Items Brought',GETDATE(),'saurav.sah')
INSERT INTO [dbo].[Expense_Category]([ExpenseCategory],[ExpenseSubCategory],[ExpenseName],[ChangeDateTime],[ChangeId]) VALUES(8,0,'GIFTS',GETDATE(),'saurav.sah')
INSERT INTO [dbo].[Expense_Category]([ExpenseCategory],[ExpenseSubCategory],[ExpenseName],[ChangeDateTime],[ChangeId]) VALUES(8,1,'Family Gifts',GETDATE(),'saurav.sah')
INSERT INTO [dbo].[Expense_Category]([ExpenseCategory],[ExpenseSubCategory],[ExpenseName],[ChangeDateTime],[ChangeId]) VALUES(8,2,'Friends Gifts',GETDATE(),'saurav.sah')



---------------------------------------------------------------------------------------------------------------------
-------Insert into [Income_Category] table
---------------------------------------------------------------------------------------------------------------------
Truncate table [Income_Category]
Go
INSERT INTO [dbo].[Income_Category] ([IncomeCategoryId],[SourceName],[ChangeDateTime],[ChangeId]) VALUES (1,'Salary', GETDATE(),'saurav.sah')
INSERT INTO [dbo].[Income_Category] ([IncomeCategoryId],[SourceName],[ChangeDateTime],[ChangeId]) VALUES (2,'Rent', GETDATE(),'saurav.sah')
INSERT INTO [dbo].[Income_Category] ([IncomeCategoryId],[SourceName],[ChangeDateTime],[ChangeId]) VALUES (3,'Bank Interest', GETDATE(),'saurav.sah')
INSERT INTO [dbo].[Income_Category] ([IncomeCategoryId],[SourceName],[ChangeDateTime],[ChangeId]) VALUES (4,'Food Coupon', GETDATE(),'saurav.sah')






---------------------------------------------------------------------------------------------------------------------
-- insert scripts for [Income_Source]
---------------------------------------------------------------------------------------------------------------------
Truncate Table [Income_Source]
Go 
INSERT INTO [dbo].[Income_Source] ([UserId],[IncomeCategoryId],[IncomeReceivedOn],[Income],[ChangeDateTime],[ChangeId]) VALUES( '1',1,'2019-05-26',500000, GETDATE(),'saurav.sah')
INSERT INTO [dbo].[Income_Source] ([UserId],[IncomeCategoryId],[IncomeReceivedOn],[Income],[ChangeDateTime],[ChangeId]) VALUES( '2',1,'2019-01-26',18000, GETDATE(),'saurav.sah')
INSERT INTO [dbo].[Income_Source] ([UserId],[IncomeCategoryId],[IncomeReceivedOn],[Income],[ChangeDateTime],[ChangeId]) VALUES( '3',2,'2019-02-26',120000, GETDATE(),'saurav.sah')
INSERT INTO [dbo].[Income_Source] ([UserId],[IncomeCategoryId],[IncomeReceivedOn],[Income],[ChangeDateTime],[ChangeId]) VALUES( '1',3,'2019-05-26',1000, GETDATE(),'saurav.sah')
INSERT INTO [dbo].[Income_Source] ([UserId],[IncomeCategoryId],[IncomeReceivedOn],[Income],[ChangeDateTime],[ChangeId]) VALUES( '1',2,'2019-05-26',2500, GETDATE(),'saurav.sah')





---------------------------------------------------------------------------------------------------------------------
-- Insert Script for [User]
---------------------------------------------------------------------------------------------------------------------
Truncate Table [User]
Go
INSERT INTO [dbo].[User] ([UserId],[FirstName],[LastName],[Email],[Username],[Address],[ChangeDateTime],[ChangeId])
     VALUES ('1','Saurav','Sah','saurav.sah@powerschool.com','roaringbrains','Hosa Road',GETDATE(),'saurav.sah')

INSERT INTO [dbo].[User] ([UserId],[FirstName],[LastName],[Email],[Username],[Address],[ChangeDateTime],[ChangeId])
     VALUES ('2','Puja','Kumari','pujasept09@gmail.com','puja.ku','Hosa road',GETDATE(),'saurav.sah')

INSERT INTO [dbo].[User] ([UserId],[FirstName],[LastName],[Email],[Username],[Address],[ChangeDateTime],[ChangeId])
     VALUES ('3','Virat','Kohali','ViratKohali@yahoo.com','virat_Kohli','Delhi',GETDATE(),'saurav.sah')

INSERT INTO [dbo].[User] ([UserId],[FirstName],[LastName],[Email],[Username],[Address],[ChangeDateTime],[ChangeId])
     VALUES ('4','Anuskha','Sharma','anushkhasharma@hotmail.com','anushkha.S','Haryana',GETDATE(),'saurav.sah')

INSERT INTO [dbo].[User] ([UserId],[FirstName],[LastName],[Email],[Username],[Address],[ChangeDateTime],[ChangeId])
     VALUES ('5','Deepika','Padukone','deepikapadukone@outlook.com','deepika.p','Mumbai',GETDATE(),'saurav.sah')

	 



---------------------------------------------------------------------------------------------------------------------
-- Insert Script for [User_Credential]
---------------------------------------------------------------------------------------------------------------------
Truncate Table [User_Credential]
Go
INSERT INTO [dbo].[User_Credential] ([UserID],[Password],[DefaultPassword],[ChangeDateTime]) VALUES ('1','Hello@123','00000',GETDATE())
INSERT INTO [dbo].[User_Credential] ([UserID],[Password],[DefaultPassword],[ChangeDateTime]) VALUES ('2','Qwerty@123','00000',GETDATE())
INSERT INTO [dbo].[User_Credential] ([UserID],[Password],[DefaultPassword],[ChangeDateTime]) VALUES ('3','Test@123','00000',GETDATE())




---------------------------------------------------------------------------------------------------------------------
-- Insert Script for 
---------------------------------------------------------------------------------------------------------------------
Truncate Table [User_Expense_Details]
Go
INSERT INTO [dbo].[User_Expense_Details] ([UserId],[ExpenseUniqueId],[ExpenseCategory],[ExpenseSubCategory],[ExpenseAmout],[ExpenseDate],[ChangeDateTime],[ChangeId])
     VALUES ('1',0000000001,1,1,500.50,'2019-05-26 05:44:27.237',GETDATE(),'saurav.sah')
INSERT INTO [dbo].[User_Expense_Details] ([UserId],[ExpenseUniqueId],[ExpenseCategory],[ExpenseSubCategory],[ExpenseAmout],[ExpenseDate],[ChangeDateTime],[ChangeId])
     VALUES ('2',0000000002,1,2,1579.55,'2019-01-14 05:44:27.237',GETDATE(),'saurav.sah')











